day,start time,duration,room name,track,title,participants
%Friday Afternoon,,,,,,
Sun,12:15 AM,1:40,Haym Solomon,Media,L'Odysï¿½e d'Alice Trembley,
Fri,3:00 PM,9:00,Thomas Paine AB,Gaming,Open Gaming,
Fri,4:00 PM,1:28,Molly Pitcher,Media,Surrogates,
Fri,5:00 PM,4:00,Thomas Paine AB,Gaming,Low Life: After The Pocky Lisp - Savage Worlds,Matt McFarland
%Friday Evening,,,,,,
Fri,6:00 PM,1:00,Crispus Attucks,Costuming,Masquerade Basics,"Suford Lewis, Ann Catelli, The Wombat, Toni Lay, Danielle Ackley-McPhail"
Fri,6:00 PM,1:00,Fast Track 1,Fast Track,Build a Labyrinth,Jude Shabry
Fri,6:00 PM,1:45,Haym Solomon,Media,Island of Lost Souls,
Fri,6:00 PM,1:43,Molly Pitcher,Media,The President's Analyst ,
Fri,6:00 PM,1:00,Paul Revere A,Anime,Anime for Bakas,"James A. Wolf, Mario Di Giacomo, Mimi Noyes, John C. Watson, Elizabeth O'Malley"
Fri,6:00 PM,1:00,Paul Revere B,Fan Interest,"It's An Online Life, For Us!","Tony Finan, Alexander Feinman, John Bacon, Shava Nerad, Randee Dawn"
Fri,6:00 PM,1:00,President's A,Art,What is the Demoscene?,Jason Scott
Fri,6:00 PM,2:30,President's CD,Anime,Sayuru Anime Dance - Anime Kaiju Experience ,
Fri,6:00 PM,1:00,Room 201,Fan Interest,Feeding the Fen: Food Safety,"Rose Fox, Mercy E Van Vlack, Lisa Wood, Dr. James Prego"
Fri,6:00 PM,2:00,Thomas Paine AB,Gaming,NinjaBurger - table top game,William Mui
Fri,6:00 PM,1:00,William Dawes A,Fan Interest,Open Source and the Effect on Culture,"Sarah Smith, James Turner, David Larochelle, Ian Cooper Rose, Woodrow ""asim"" Hill"
Fri,7:00 PM,1:00,Crispus Attucks,Music,Filk 101: Introduction to Filk,"Kate Farb-Johnson, Ellen Kranzer, Hillary Sherwood, Catherine Kane"
Fri,7:00 PM,2:00,Fast Track 1,Fast Track,Kid's LARP,Michael McAfee
Fri,7:00 PM,1:00,Paul Revere A,Costuming,Getting Ideas for Costumes and Presentations,"Suford Lewis, Ann Catelli, Danielle Ackley-McPhail, Lisa A Ashton, Fiona Fawkes"
Fri,7:00 PM,1:00,Paul Revere B,Fan Interest,Early Adopters -- and Not,"Bonnie Barlow Turner, James Turner, David Larochelle, Justine Graykin"
Fri,7:00 PM,1:00,Room 201,Fan Interest,SMOF 250: The Future of Cons,"Michael Whitehouse, Evan Jamieson, JeffWarner, Nat Budin, Hugh Casey"
Fri,7:00 PM,4:00,Thomas Paine AB,Gaming,Agricola - For Beginners - table top game,Brennan Martin
Fri,7:00 PM,2:00,Thomas Paine AB,Gaming,Eclipse Phase demo - table top game,Jack Graham
Fri,7:00 PM,1:00,William Dawes A,Literature,Trauma as Character Development,"Amy Chused, Sarah Smith, Mark L Van Name, Shira Lipkin, Catt Kingsgrave-Ernstein"
Fri,7:00 PM,3:00,William Dawes B,Anime,Light Anime ,
Fri,7:30 PM,1:00,Other,Fan Interest,Summit Mt. Arisia,Jude Shabry
Fri,7:45 PM,1:15,Haym Solomon,Media,Red Dwarf 2009,
Fri,8:00 PM,0:22,Molly Pitcher,Media,Gigantor: Freezer Ray ,
Fri,8:00 PM,1:00,Paul Revere A,Literature,The Best Science Fiction of 2009,"Gardner Dozois, Ian Randal Strock, James L. Cambias, Alexander Jablokov, Candra Gill"
Fri,8:00 PM,1:00,Paul Revere B,Media,What's a Radio Picture?,"Misty Pendragon, Ken Gale, Cheryl Braverman, Elayna Jade Smolowitz, Little Mel"
Fri,8:00 PM,1:30,President's A,Media,The Movie Year in Review,"Daniel M Kimmel, Robert Newton, Garen Daly, John Bowker, Dr.Chris"
Fri,8:00 PM,1:00,Room 201,Anime,Historical Anime,"Michael Toole, Felicitas Ivey, Jamila Sisco"
Fri,8:00 PM,3:00,Thomas Paine AB,Gaming,Munchkin Quest - table top game,Tony Cuozo
Fri,8:00 PM,1:00,William Dawes A,Fan Interest,Poly 101: Introduction,"Jonathan Woodward, Mike Schneider, Sarah Sloane, Michelle Driscoll, Calliope"
Fri,8:30 PM,1:00,Crispus Attucks,Music,Newcomers Song Circle,"Rachel Sommer, Kate Farb-Johnson, Paul Estin"
Fri,8:30 PM,0:26,Molly Pitcher,Media,Twilight Zone: Caesar and Me ,
Fri,9:00 PM,1:55,Haym Solomon,Media,Outlander ,
Fri,9:00 PM,0:15,Molly Pitcher,Media,The Paper Monster,
Fri,9:00 PM,1:00,Paul Revere A,Media,Redefining TV,"James Zavaglia, Michael Whitehouse, Michael Toole, David Larochelle, Mitchell Morris"
Fri,9:00 PM,1:00,Paul Revere B,Fan Interest,BDSM 101: A N00b's Guide,"D. Cameron Calkins, Shana Fuqua, Ken Kingsgrave-Ernstein, Aimee Bouchard, Michelle Driscoll"
Fri,9:00 PM,4:00,President's B,Gaming,Changeling: The Lost - LARP,Mike Kitchenman
Fri,9:00 PM,2:00,Room 204,Gaming,Encore! First Printing Rules,Jason Schneiderman
Fri,9:00 PM,1:00,William Dawes A,Literature,Humor With An Edge: Mixing The Silly With The Profound,"Esther Friesner, Christopher K. Davis, Jeff Hecht, Mark L Amidon, Eric Zuckerman"
Fri,9:15 PM,1:30,Molly Pitcher,Media,Sleep Dealer ,
Fri,9:30 PM,1:30,Crispus Attucks,Art,St*tch & B*tch #1,"Dawn Albright, Felicitas Ivey, Jill R. Singer"
Fri,9:30 PM,1:30,President's A,Media,TV Year in Review,"Jude Shabry, Misty Pendragon, Howard G Beatman, Adam Lipkin, Randee Dawn"
Fri,9:30 PM,1:30,President's CD,Music,Palimpsest & The Trains of Heaven -- Concert,"Catherynne Valente, S. J. Tucker, Kevin Wiley, Betsy Tinney"
Fri,9:30 PM,0:30,Room 201,Literature,Reading -  Michael Anderson,Michael Anderson
Fri,10:00 PM,1:00,Paul Revere A,Costuming,"Steampunk: What It Is, What It Isn't","Mario Di Giacomo, Barbara M Pugliese, Nightwing Whitehead, Lauren Stern, Starwolf"
Fri,10:00 PM,1:00,Paul Revere B,Fan Interest,"Oh, THAT's Why I Loved That Scene!","Darkteddybear, Calliope"
Fri,10:00 PM,0:30,Room 201,Literature,Reading - John Bowker,John Bowker
Fri,10:00 PM,2:00,Thomas Paine AB,Gaming,SPANC - table top game,Bill Todd
Fri,10:00 PM,1:00,William Dawes A,Literature,Arisia Reads!,"Genevieve Iseult Eldredge, Susan Hanniford Crowley, Walter Hunt, Tyler Stewart, Mark L Amidon"
Fri,10:00 PM,4:00,William Dawes B,Anime,Hentai and Yaoi Anime ,
Fri,10:55 PM,1:05,Haym Solomon,Media,Horrible Turn,
Fri,11:00 PM,0:30,President's CD,GOH,Q&A with Skinny White Chick,"S. J. Tucker, Kevin Wiley, Betsy Tinney"
Fri,11:00 PM,1:00,Room 201,Fan Interest,Newbies in Burlesque,Honey Suckle Duvet
Fri,11:00 PM,1:00,William Dawes A,Fan Interest,Fun With Rope,"D. Cameron Calkins, dkap"
Fri,11:15 PM,0:08,Molly Pitcher,Media,Home Movies from Anticipation,
Fri,11:25 PM,1:00,Molly Pitcher,Media,Cabinet of Dr. Caligari -- Silent Movie,
%Friday Late Night,,,,,,
Sat,12:00 AM,1:00,Crispus Attucks,Fan Interest,Tokyo's Media Shadow,"Marlin May, Israel Peskowitz, Michael A Horne, Felicitas Ivey, Timothy J Tero, Mark L Van Name"
Sat,12:00 AM,1:35,Haym Solomon,Media,Captain Eager and the Mark of Voth,
Sat,12:00 AM,4:00,Paul Revere AB,Music,Drum Circle,Angela K Bowen
Sat,12:00 AM,4:00,President's CD,Fan Interest,REPO! The Genetic Opera,
Sat,12:00 AM,23:59,Thomas Paine AB,Gaming,24-hour Open Gaming,
Sat,12:00 AM,1:00,William Dawes A,Literature,Reading - Cecilia Tan,Cecilia Tan
Sat,12:30 AM,2:00,President's A,Fan Interest,8-bit / Demoscene Dance,Michael Piantedosi
Sat,1:35 AM,1:25,Haym Solomon,Media,Sexy Killer,
Sat,2:00 AM,4:00,William Dawes B,Anime,Heavy Anime,
Sat,3:00 AM,0:30,Haym Solomon,Media,Dr. Terrible's House of Horrible ,
Sat,3:30 AM,1:35,Haym Solomon,Media,The Countess,
Sat,5:05 AM,1:45,Haym Solomon,Media,Dark City - Director's Cut,
%Saturday Morning,,,,,,
Sat,6:50 AM,0:15,Haym Solomon,Media,Thomas Alva Edison's Frankenstein,
Sat,7:00 AM,2:00,Molly Pitcher,Media,Saturday Serial Cereals ,
Sat,7:00 AM,0:55,Molly Pitcher,Media,Journey to Center of the Earth ,
Sat,7:05 AM,1:45,Haym Solomon,Media,First Men in the Moon,
Sat,8:00 AM,0:55,Molly Pitcher,Media,Rocky And Friends ,
Sat,9:00 AM,1:00,President's A,Fan Interest,Gentle Yoga,Jude Shabry
Sat,9:00 AM,2:00,Room 204,Costuming,Beading Workshop,"Carol Salemi, Lisa A Ashton"
Sat,10:00 AM,0:30,BU Suite (Regency Club),Literature,Reading - James D. Macdonald,James Macdonald
Sat,10:00 AM,1:00,Crispus Attucks,Fan Interest,Self-Healing 101,Wil Howitt
Sat,10:00 AM,1:00,Fast Track 1,Fast Track,Hand-held Gaming Club,
Sat,10:00 AM,2:00,Fast Track 2,Fast Track,Kamikaze Costuming,"Persis L Thorndike, Vonnie Carts-Powell, James Hinsey, Liz Cademy Pfeffer, Jill R. Singer, Sarah Goodman"
Sat,10:00 AM,1:00,Haym Solomon,Literature,Religion in SF/Fantasy,"Dawn Albright, Elaine Isaak, Genevieve Iseult Eldredge, Walter Hunt, JeffWarner"
Sat,10:00 AM,1:00,Molly Pitcher,Literature,Like Oil and Water,"Tom Murphy, John Costello, Ken Gale, Ken Kingsgrave-Ernstein"
Sat,10:00 AM,7:00,Other,Science,Heinlein Society Blood Drive,
Sat,10:00 AM,8:30,Other,Science,Bone Marrow Registry,
Sat,10:00 AM,1:00,Paul Revere A,Anime,Anime/Manga for Parents,"John C. Watson, Ed Fuqua, Peter Prellwitz, Elizabeth O'Malley, Brianna Spacekat Wu"
Sat,10:00 AM,1:30,Paul Revere B,Media,Fantastic Film Music Before Star Wars,Ray Worley
Sat,10:00 AM,1:00,President's CD,Costuming,Costume Friendly Tech,
Sat,10:00 AM,0:30,Room 201,Literature,Reading - Susan Hanniford Crowley,Susan Hanniford Crowley
Sat,10:00 AM,1:00,Room 204,Science,Education Center for Space Settlement,Bruce Mackenzie
Sat,10:00 AM,2:00,Thomas Paine AB,Gaming,CAV demo - table top game,Douglas Schaub
Sat,10:00 AM,2:00,Thomas Paine AB,Gaming,Greedquest - table top game,William Mui
Sat,10:00 AM,1:00,Thomas Paine AB,Gaming,Robo Rally - table top game,Clarence Risher
Sat,10:00 AM,1:00,William Dawes A,Media,Michael Crichton - The Anti-Arthur C. Clarke?,"Jeanne Cavelos, Terry Franklin, Resa Nelson, Daniel Miller"
Sat,10:00 AM,1:00,William Dawes B,Literature,Non-Standard Fantasy,"Greer Gilman, Debra Doyle, Sarah Smith, Sonya Taaffe, Daniel Rabuzzi"
Sat,10:30 AM,0:30,BU Suite (Regency Club),Literature,Reading - Gordon Linzner,Gordon Linzner
Sat,10:30 AM,0:30,Room 201,Literature,Reading - Martha Adams,Martha Adams
Sat,11:00 AM,0:30,BU Suite (Regency Club),Literature,Reading - Danielle Ackley-McPhail,Danielle Ackley-McPhail
Sat,11:00 AM,1:00,Charles View Ballroom,Art,Art Show Director's Docent Tour,"Nicholas ""phi"" Shectman"
Sat,11:00 AM,1:00,Crispus Attucks,GOH,The Editor/Writer Relationship,"Gardner Dozois, Jeanne Cavelos, David Nurenberg, Allen Steele, Joy Marchand"
Sat,11:00 AM,1:00,Haym Solomon,Literature,Exploring the Truly Alien,"Jeffrey A Carver, Howard G Beatman, dkap, Catt Kingsgrave-Ernstein, Steve Kanaras"
Sat,11:00 AM,1:00,Molly Pitcher,Literature,"The Changing Face of Fiction: Literature, Diversity, and Backlash","Julia Starkey, Adam Lipkin, Michael Kabongo, Woodrow ""asim"" Hill, Andrea  Hairston"
Sat,11:00 AM,1:00,Paul Revere A,Media,Where the Wild Things Are,"Marlin May, David Sklar, Eric M Van, Alexander Feinman, Garen Daly"
Sat,11:00 AM,0:30,President's A,Fan Interest,The Roman Legionary from Caesar to Constantine,
Sat,11:00 AM,0:30,Room 201,Literature,Reading - Resa Nelson,Resa Nelson
Sat,11:00 AM,1:00,William Dawes A,Media,The Happiest Place on Earth-616,"Ken Gale, Ed Fuqua, Jaime Garmendia, Daniel Miller, Everett Soares"
Sat,11:00 AM,1:00,William Dawes B,Literature,Non-Feudal Political Systems in Fantasy,"Michael Whitehouse, James L. Cambias, Phoebe Wray, Mary Catelli, Sarah Smith"
Sat,11:30 AM,0:30,BU Suite (Regency Club),Literature,Reading - Justine Graykin,Justine Graykin
Sat,11:30 AM,1:30,Paul Revere B,Literature,Broad Universe Reading,"Phoebe Wray, Susan Hamilton, Victoria Janssen, Trisha Wooldridge, Julie Andrews, Leadie Flowers, Renee Otis, Kerry Morgan, Roxanne Bland, Suzanne Reynolds-Alpert"
Sat,11:30 AM,0:30,President's A,Fan Interest,Jedi Lightsaber Techniques of the Sword Masters,
Sat,11:30 AM,0:30,Room 201,Literature,Reading - Daniel Rabuzzi,Daniel Rabuzzi
%Saturday Afternoon,,,,,,
Sat,12:00 PM,1:00,Charles View Ballroom,Art,Tactile Tour of Art Show,Fabrisse
Sat,12:00 PM,1:00,Crispus Attucks,Science,Science Fiction/Science Fact,"Wil Howitt, Alan Wexelblat, dkap, Mark L Amidon, Mitchell Morris"
Sat,12:00 PM,1:00,Fast Track 1,Fast Track,Face Painting,"Katherine Crighton, Jamila Sisco, Randee Dawn, Jennifer Hunter"
Sat,12:00 PM,1:00,Fast Track 2,Fast Track,No-Sew Costumes,"Dawn Albright, Sarah Goodman"
Sat,12:00 PM,1:00,Haym Solomon,GOH,Making Your Own Way,"James L. Cambias, Scott Lefton, Lori Del Genis, S. J. Tucker, Kevin Wiley"
Sat,12:00 PM,1:00,Molly Pitcher,Fan Interest,Sexual Politics in Fandom,"Rachel Sommer, Julia Starkey, Shira Lipkin, Catt Kingsgrave-Ernstein, Woodrow ""asim"" Hill"
Sat,12:00 PM,1:00,Paul Revere A,Media,1980s - The Silver Age of SF Movies?,"Michael Toole, Daniel M Kimmel, Resa Nelson, Garen Daly, Adam Lipkin"
Sat,12:00 PM,0:30,President's A,Fan Interest,Knightly Armored Combat,
Sat,12:00 PM,5:00,President's B,Gaming,Nexus Elements LARP,Dori Schendell
Sat,12:00 PM,5:00,President's CD,Costuming,Masquerade Tech Rehearsal,
Sat,12:00 PM,0:30,Room 201,Literature,Reading - Jaime Garmendia,Jaime Garmendia
Sat,12:00 PM,6:00,Thomas Paine AB,Gaming,Steve Jackson Games Tournament,Bill Todd
Sat,12:00 PM,2:00,Thomas Paine AB,Gaming,Warlord - table top game,Douglas Schaub
Sat,12:00 PM,3:00,Thomas Paine AB,Gaming,A Flight Out Back: Traveller,Benjamin A Pew
Sat,12:00 PM,5:00,Thomas Paine AB,Gaming,The Endless Party: Geist,Matt McFarland
Sat,12:00 PM,1:00,William Dawes A,Writing,Odyssey Writing Workshop Presentation,"Jeanne Cavelos, Elaine Isaak"
Sat,12:00 PM,1:00,William Dawes B,Literature,The Undefended Borders of SF,"Genevieve Iseult Eldredge, Christopher K. Davis, Mary Catelli, Ken Kingsgrave-Ernstein, Daniel Rabuzzi"
Sat,12:30 PM,0:30,BU Suite (Regency Club),Literature,Reading - Mark L Van Name ,Mark L Van Name
Sat,12:30 PM,0:30,President's A,Fan Interest,Medieval Halberd Drill,
Sat,12:30 PM,0:30,Room 201,Literature,Reading - Alexander Feinman,Alexander Feinman
Sat,1:00 PM,0:30,BU Suite (Regency Club),Literature,Reading - Esther Friesner,Esther Friesner
Sat,1:00 PM,1:00,Crispus Attucks,Music,Funniest Songs Sing-a-long,"Paul Estin, Benjamin Newman"
Sat,1:00 PM,1:00,Fast Track 1,Fast Track,Magic Show,Daniel P Dern
Sat,1:00 PM,1:00,Fast Track 2,Fast Track,Mask Making,"Susan de Guardiola, Mimi Noyes, Jennifer Hunter"
Sat,1:00 PM,1:00,Haym Solomon,Science,"Ask a Geek: Biology, Psychology, and Medicine","Karen Purcell DVM, Susan Weiner, Frank Wu, Dr. James Prego, Abby Hafer"
Sat,1:00 PM,1:00,Molly Pitcher,Media,Star Trek Reboot in Review,"James T Henderson Jr, Walter Hunt, Daniel M Kimmel, JeffWarner, Woodrow ""asim"" Hill"
Sat,1:00 PM,1:00,Paul Revere A,Fan Interest,Convention Feedback 1,"Samantha Dings, Crystal Huff, Richard Kovalcik, Jill Eastlake, Benjamin Levy, Michael Sprague, Noel Rosenberg"
Sat,1:00 PM,1:00,Paul Revere B,Media,FlashForward,"Cynthia A Shettle, Sarah Smith, Eric M Van, Resa Nelson, Beth Zuckerman"
Sat,1:00 PM,0:30,President's A,Fan Interest,Roman Legionary & Gothic Knight,
Sat,1:00 PM,1:00,Room 201,Fan Interest,Living Off the Grid,Tom Wysmuller
Sat,1:00 PM,1:00,Room 204,Art,Tools for Digital Art,"James A. Wolf, Onezumi, Dirk Tiede, James Harknell, Brianna Spacekat Wu"
Sat,1:00 PM,1:00,William Dawes A,Fan Interest,Poly 201: Theory and Practice,"Jonathan Woodward, Scott Lefton, Lori Del Genis, Darkteddybear, Calliope"
Sat,1:00 PM,1:00,William Dawes B,Fan Interest,Fannish Disaster Prepardness,"James Macdonald, Ken Kingsgrave-Ernstein, Starwolf"
Sat,1:30 PM,0:30,BU Suite (Regency Club),Literature,Reading - Shira Lipkin,Shira Lipkin
Sat,1:30 PM,0:30,President's A,Fan Interest,Pirate Combat!,
Sat,2:00 PM,0:30,BU Suite (Regency Club),Literature,Reading - Jennifer Pelland ,Jennifer Pelland
Sat,2:00 PM,1:00,Crispus Attucks,Literature,Jack the Ripper and the Historical Character,"Gardner Dozois, Katherine Crighton, Sarah Clemens, Victoria Janssen, Susan Casper"
Sat,2:00 PM,1:00,Fast Track 1,Fast Track,"Hands-On Science for Kids, Take 1","Stephen R Wilk, Ian Schleifer"
Sat,2:00 PM,1:00,Fast Track 2,Fast Track,Learn to Knit,"Dawn Albright, Barbara M Pugliese, Shana Fuqua, Liz Cademy Pfeffer"
Sat,2:00 PM,1:00,Haym Solomon,Science,"Ask a Geek: Physics, Chemistry, and Engineering","Tom Murphy, Vonnie Carts-Powell, Jeff Hecht, Mitchell Morris,  Ctein"
Sat,2:00 PM,1:00,Molly Pitcher,Fan Interest,Queer SF&F,"Meredith Schwartz, Felicitas Ivey, Dr. Jason S. Schneiderman, Andy Trembley"
Sat,2:00 PM,1:00,Paul Revere A,Literature,The Next -Punk,"Shariann Lewitt, Israel Peskowitz, Mario Di Giacomo, Alexander Jablokov, Sarah Smith"
Sat,2:00 PM,1:00,Paul Revere B,Media,Torchwood: What Now?,"Melissa Honig, Toni Lay, Brenna Levitin, Woodrow ""asim"" Hill, Honey Suckle Duvet"
Sat,2:00 PM,1:00,Room 201,Art,How Do You Price Your Art?,"Scott Lefton, Charlene Taylor D'Alessio, Kythryne Aisling"
Sat,2:00 PM,4:00,Thomas Paine AB,Gaming,Circus Maximus - D&D 3.5,Gregory Seidman
Sat,2:00 PM,4:00,Thomas Paine AB,Gaming,SRM03-03: Burning Bridges - table top game,Jonathan Riedel
Sat,2:00 PM,2:00,Thomas Paine AB,Gaming,Eclipse Phase demo - table top game,Jack Graham
Sat,2:00 PM,1:00,William Dawes A,Music,Filk 201: Circle Structure and Etiquette,"Ellen Kranzer, Hillary Sherwood, Catt Kingsgrave-Ernstein, Benjamin Newman"
Sat,2:00 PM,1:00,William Dawes B,Media,Fangs for the Memories,"Karen Purcell DVM, Misty Pendragon, Susan Hanniford Crowley, Mark L Amidon, Aimee Bouchard"
Sat,2:30 PM,0:30,BU Suite (Regency Club),Literature,Reading - Debra Doyle ,Debra Doyle
Sat,2:30 PM,1:00,Other,Fan Interest,Summit Mt. Arisia,Jude Shabry
Sat,3:00 PM,2:00,BU Suite (Regency Club),Literature,Elaine Isaak's Three Party,Elaine Isaak
Sat,3:00 PM,1:00,Fast Track 1,Fast Track,Bedtime Stories That End Badly,Daniel P Dern
Sat,3:00 PM,1:00,Fast Track 2,Fast Track,Gimp Basics,"Barbara M Pugliese, Jamila Sisco"
Sat,3:00 PM,1:00,Haym Solomon,Science,"Ask a Geek: Sociology,  Language and Culture","John Costello, Alexander Feinman, Ken Kingsgrave-Ernstein"
Sat,3:00 PM,1:00,Molly Pitcher,GOH,SMOF 399: Online Media and Conventions,"Nicholas ""phi"" Shectman, Stephanie Clarkson, Robert Hafner, Andy Trembley"
Sat,3:00 PM,1:00,Paul Revere A,Media,"Remakes, Reboots and Reimaginings, Oh My!","Jeffrey A Carver, Tony Finan, Lauren Grover, Daniel M Kimmel, Frank Wu"
Sat,3:00 PM,1:00,Paul Revere B,GOH,Diversity Is Coming!,"Julia Starkey, Cecilia Tan, Candra Gill, Nnedi Okorafor"
Sat,3:00 PM,1:00,President's A,Music,Concert -- Modern Mythpunk and Fantasy Folk Rock,"S. J. Tucker, Kevin Wiley, Betsy Tinney"
Sat,3:00 PM,1:00,Room 201,Fan Interest,Organizing the Fannish Home: Conquering Clutter,"Persis L Thorndike, Bey Woodward, Jennifer Hunter, Catherine Kane, Andrew Campbell"
Sat,3:00 PM,1:00,Room 204,Fan Interest,SMOF 101: How to Start a Con,"Ellen Kranzer, JeffWarner, Lisa Wood, Hugh Casey"
Sat,3:00 PM,1:00,William Dawes A,Literature,Short Fiction is Not Dead,"Jeanne Cavelos, Susan Hanniford Crowley, Jennifer Pelland, Allen Steele, John Bowker, Trish Wilson"
Sat,3:00 PM,1:00,William Dawes B,Literature,Women Writers in Horror,"Alicia ""Kestrell"" Verlager, Mercy E Van Vlack, Jennifer Williams, Joy Marchand, Susan Casper"
Sat,4:00 PM,1:00,Charles View Ballroom,Art,Tour of the Art Show with Sarah Clemens,Sarah Clemens
Sat,4:00 PM,1:00,Crispus Attucks,Music,Bloody Songs,"Ellen Kranzer, John Hodges"
Sat,4:00 PM,1:00,Fast Track 1,Fast Track,Higgins Armory: Swordplay,Jeffery Forgeng
Sat,4:00 PM,1:00,Fast Track 2,Fast Track,Learn to Crochet ,"Shana Fuqua, Kristina Finan, Jill R. Singer"
Sat,4:00 PM,1:00,Haym Solomon,Literature,Arthurian Legends: The Ultimate Fanfic,"Esther Friesner, James Macdonald, Beth Zuckerman, Hugh Casey"
Sat,4:00 PM,1:00,Molly Pitcher,Media,"Science in Movies: Good,  Bad, and Stupid ","Rebecca L Kletnieks, Eric M Van, Mitchell Morris, Michael Bonet, Dr. Jason S. Schneiderman"
Sat,4:00 PM,1:00,Paul Revere A,Literature,Interstitial Fiction: Dancing Between Genres,"Rachel Silber, Sarah Smith, Joy Marchand, Shira Lipkin, Daniel Rabuzzi"
Sat,4:00 PM,1:00,Paul Revere B,Fan Interest,Poly 125: Swinging v. Polyamory,"Larry Nelson, Ian Cooper Rose, Michelle Driscoll, Darkteddybear, Calliope"
Sat,4:00 PM,1:00,Room 201,Literature,Whither Hard SF?,"Alexander Jablokov, Danielle Ackley-McPhail, Allen Steele, Mark L Van Name, Mike McPhail"
Sat,4:00 PM,8:00,Room 204,Gaming,A Game of Kings - Vampire LARP,"Michael Dlott, Katarine Davis, Melissa Hamilton"
Sat,4:00 PM,4:00,Thomas Paine AB,Gaming,"MyRe1-1: ""Something Fishy in Seros"" ",Michael Seidman
Sat,4:00 PM,1:00,William Dawes A,Art,The Business of Art,"Mimi Noyes, E. J. Barnes, Lori Del Genis, Thomas Traina, Kythryne Aisling"
Sat,4:00 PM,1:00,William Dawes B,Fan Interest,How Fans Hurt and Help Public Faces of Fandom,"Thomas F Restivo, Stephanie Clarkson, Jennifer Williams, Vikki Rose, Everett Soares"
Sat,5:00 PM,1:00,Crispus Attucks,Music,Shanty Sing,"Jeff Keller, Shana Fuqua, Sonya Taaffe, S. J. Tucker, Betsy Tinney"
Sat,5:00 PM,1:00,Fast Track 1,Fast Track,Mouth Sounds,Peter Breton
Sat,5:00 PM,1:00,Haym Solomon,Fan Interest,Alternative Marriages,"Alan Wexelblat, Thomas Traina, Ian Cooper Rose, Aimee Bouchard, Daniel Miller"
Sat,5:00 PM,1:00,Molly Pitcher,Fan Interest,Flirt Like a Pro!,"Michelle Wexelblat, Jonathan Woodward, Michael McAfee, Cheryl Braverman, Dr. James Prego"
Sat,5:00 PM,1:00,Paul Revere A,Media,Destination Moon at 60,"Jeffrey A Carver, Steve E Popkes, A Joseph Ross, Ian Schleifer"
Sat,5:00 PM,1:00,Paul Revere B,Literature,Debate the Greats: H.G. Wells and Jules Verne,"Stephen R Wilk, Karl G Heinemann, Mario Di Giacomo, Jeff Hecht, Frank Wu"
Sat,5:00 PM,1:00,President's A,Literature,Interview with Gardner Dozois,"Gardner Dozois, Allen Steele"
Sat,5:00 PM,1:00,Room 201,Science,Off-World Settlement,Martha Adams
Sat,5:00 PM,1:00,William Dawes A,Literature,Take Back the Sci-Fi,"Shira Lipkin, Catt Kingsgrave-Ernstein, Ken Kingsgrave-Ernstein, Woodrow ""asim"" Hill, Trisha Wooldridge"
Sat,5:00 PM,1:00,William Dawes B,Science,UnIntelligent Design,Abby Hafer
%Saturday Evening,,,,,,
Sat,6:00 PM,5:00,Empress,Costuming,Masquerade Green Room,
Sat,6:00 PM,1:30,Haym Solomon,Media,Able Edwards,
Sat,6:00 PM,1:00,Paul Revere A,Media,Relativism and the Superhero,"Shariann Lewitt, Cynthia A Shettle, Israel Peskowitz, Jaime Garmendia, Daniel Miller"
Sat,6:00 PM,1:00,Paul Revere B,Fan Interest,Repo! - The Next Great Cult Film,"Tony Finan, Bey Woodward, Lauren Stern, Dr. James Prego, Little Mel"
Sat,6:00 PM,1:00,Room 201,Gaming,Costuming for LARPs,"Rebecca L Kletnieks, Alex Newman, Anna R Bradley, John Bacon, Nat Budin"
Sat,6:00 PM,4:00,Thomas Paine AB,Gaming,Eclipse Phase - An Inconvenient Death,Jack Graham
Sat,6:00 PM,2:00,Thomas Paine AB,Gaming,Frag - table top game,Bill Todd
Sat,6:00 PM,1:00,William Dawes A,Fan Interest,Disability and Fandom,"Alicia ""Kestrell"" Verlager, Amy Chused, Stephanie Clarkson, Cheryl Braverman, Darkteddybear"
Sat,6:15 PM,0:14,Molly Pitcher,Media,Journey Through Space,
Sat,6:30 PM,2:30,Crispus Attucks,Costuming,Kamikaze Kids Green Room,Persis L Thorndike
Sat,6:30 PM,0:22,Molly Pitcher,Media,Life on Other Worlds,
Sat,7:00 PM,2:00,Molly Pitcher,Media,Ray Bradbury Film Festival ,
Sat,7:00 PM,1:00,Paul Revere A,Fan Interest,The Year in Review: Politics,"John Costello, Israel Peskowitz, A Joseph Ross, Thomas Traina, Woodrow ""asim"" Hill"
Sat,7:00 PM,1:00,Paul Revere B,Literature,Machines Augmenting Mankind: Our Cyborg Future,"James L. Cambias, Alicia ""Kestrell"" Verlager, Christopher K. Davis, Martha Adams, Mark L Van Name"
Sat,7:00 PM,1:00,Room 201,Literature,Must-Read Stories,"Jonathan Woodward, Lauren Grover, Ken Gale, Peter Maranci, Steve E Popkes"
Sat,7:00 PM,2:00,Thomas Paine AB,Gaming,Pandemic: On the Brink - table top game,Brennan Martin
Sat,7:00 PM,1:00,William Dawes A,Literature,Inherent Darkness of Fairy Tales,"Katherine Crighton, Elaine Isaak, Mercy E Van Vlack, Vikki Rose, Daniel Rabuzzi"
Sat,7:00 PM,3:00,William Dawes B,Anime,Light Anime,
Sat,7:30 PM,1:00,Haym Solomon,Media,Retro Shorts,
Sat,8:00 PM,1:00,Paul Revere A,Music,Genre Musicals,"Colleen Campbell, Michael A Horne, Mercy E Van Vlack, Lauren Stern, Benjamin Newman"
Sat,8:00 PM,1:00,Paul Revere B,Fan Interest,The Ultimate Showdown,"Michael Whitehouse, James T Henderson Jr, David Nurenberg, Israel Peskowitz, Howard G Beatman"
Sat,8:00 PM,3:00,Presidents ABCD,Costuming,Masquerade  ,
Sat,8:00 PM,1:00,Room 201,Literature,Art Within Art,"Meredith Schwartz, Margaret Ronald, David Sklar"
Sat,8:00 PM,4:00,Thomas Paine AB,Gaming,Call of Cthulhu - The Longest Hour,Richard B. Auffrey
Sat,8:00 PM,3:00,Thomas Paine AB,Gaming,Munchkin featuring Fairy Dust - table top game,Tony Cuozo
Sat,8:00 PM,3:00,Thomas Paine AB,Gaming,Collateral Damage - table top game,Bill Todd
Sat,8:00 PM,2:00,Thomas Paine AB,Gaming,Chez Geek - table top game,William Mui
Sat,8:00 PM,1:00,William Dawes A,Fan Interest,The Undead and the People That Love Them,"Katherine Crighton, Susan Hanniford Crowley, Jennifer Williams, Elayna Jade Smolowitz, Michael Bonet"
Sat,8:30 PM,1:45,Haym Solomon,Media,Sky Captain and the World of Tomorrow,
Sat,9:00 PM,1:00,Crispus Attucks,Music,Short Attention Span Song Circle,Paul Estin
Sat,9:00 PM,0:07,Molly Pitcher,Media,Made For TV,
Sat,9:00 PM,1:00,Paul Revere A,Fan Interest,Resisting Social Networking,"David Nurenberg, Justine Graykin,  Ctein"
Sat,9:00 PM,1:00,Paul Revere B,Fan Interest,The Modern Burlesque Revival,"Alex Newman, Abigail Weiner, Lauren Stern, Catt Kingsgrave-Ernstein, Honey Suckle Duvet"
Sat,9:00 PM,1:00,Room 201,Costuming,Masquerade Judging,
Sat,9:00 PM,1:00,William Dawes A,Fan Interest,Religion and Kink,"dkap, Jaime Garmendia, Darkteddybear, Mistress Simone"
Sat,9:10 PM,1:37,Molly Pitcher,Media,Moon      ,
Sat,10:00 PM,1:00,Crispus Attucks,Music,Moderated Open Filk Part 1,"Rachel Sommer, Benjamin Newman"
Sat,10:00 PM,1:00,Paul Revere A,Anime,Studio Ghibli,"Michael Toole, Sarah Smith, Timothy J Tero, John C. Watson"
Sat,10:00 PM,1:00,Paul Revere B,Fan Interest,The History of Fandom,"Don Sakers, Marlin May, A Joseph Ross, Paula Lieberman, Victoria Janssen"
Sat,10:00 PM,1:00,Room 201,Media,My Favorite Episode,"Thomas F Restivo, Howard G Beatman, D. Cameron Calkins, Everett Soares"
Sat,10:00 PM,1:00,William Dawes A,Fan Interest,Home Depot in the Bedroom,"dkap, Shana Fuqua, Larry Nelson, Ian Cooper Rose"
Sat,10:00 PM,4:00,William Dawes B,Anime,Hentai and Yaoi Anime,
Sat,10:15 PM,2:00,Haym Solomon,Media,The Fall  ,
Sat,11:00 PM,1:00,Crispus Attucks,Music,Moderated Open Filk Part 2,"Kate Farb-Johnson, Benjamin Newman"
Sat,11:00 PM,1:22,Molly Pitcher,Media,Extra-Bad Film: Reptilicus ,
Sat,11:00 PM,1:00,Paul Revere A,Gaming,StarCraft! ,"Kristian Brevik, Corvus Woolf, Adam Krellenstein, Bera Dunau"
Sat,11:00 PM,1:00,Paul Revere B,Anime,Horror in Anime,"Felicitas Ivey, Catt Kingsgrave-Ernstein, Dr.Chris"
Sat,11:00 PM,1:00,William Dawes A,Fan Interest,BDSM 201: Hurting the Ones You Love,"Ed Fuqua, Mike Schneider, Aimee Bouchard, Mistress Simone"
%Saturday Late Night,,,,,,
Sun,12:00 AM,1:00,Crispus Attucks,Music,Moderated Open Filk Part 3,"Kate Farb-Johnson, Merav Hoffman"
Sun,12:00 AM,1:00,Paul Revere A,Fan Interest,The Eye of Argon,"Gordon Linzner, Noel Rosenberg"
Sun,12:00 AM,2:00,Paul Revere B,Anime,Anime/Video Hell,"Michael A Horne, Timothy J Tero"
Sun,12:00 AM,6:00,Presidents ABCD,Fan Interest,Saturday Club Dance,John F. Zmrotchek
Sun,12:00 AM,23:59,Thomas Paine AB,Gaming,24-Hour Open Gaming,
Sun,1:55 AM,2:20,Haym Solomon,Media,K 20      ,
Sun,2:00 AM,4:00,William Dawes B,Anime,Heavy Anime,
Sun,4:15 AM,1:00,Haym Solomon,Media,Ghost Theatre,
%Sunday Morning,,,,,,
Sun,6:15 AM,0:45,Haym Solomon,Media,Shorts 2  ,
Sun,7:00 AM,2:00,William Dawes B,Anime,Kid-Friendly Anime,
Sun,8:00 AM,9:00,Haym Solomon,Gaming,Arisia 2010 Blood Bowl Tournament,Maureen Reddington-Wilde
Sun,10:00 AM,0:30,BU Suite (Regency Club),Literature,Reading - Greer Gilman,Greer Gilman
Sun,10:00 AM,1:00,Crispus Attucks,Media,Continued in the Next Issue,"Mercy E Van Vlack, Adam Lipkin, Everett Soares"
Sun,10:00 AM,1:00,Fast Track 1,Fast Track,How to Draw a Video Game Character,Brianna Spacekat Wu
Sun,10:00 AM,1:00,Molly Pitcher,Literature,The Crossroads of Magic and Science,"Gordon Linzner, Jeanne Cavelos, James L. Cambias, Howard G Beatman, Mario Di Giacomo"
Sun,10:00 AM,7:00,Other,Science,Heinlein Society Blood Drive,
Sun,10:00 AM,1:00,Paul Revere A,Costuming,Hall Costumes VS. Stage Costumes,"Karen Purcell DVM, The Wombat, Toni Lay, Ken Kingsgrave-Ernstein"
Sun,10:00 AM,1:00,Paul Revere B,Literature,The City as Character,"Meredith Schwartz, Margaret Ronald, Steve E Popkes, Daniel Rabuzzi"
Sun,10:00 AM,0:30,Room 201,Literature,Reading - Daniel P Dern,Daniel P Dern
Sun,10:00 AM,4:00,Thomas Paine AB,Gaming,Agricola - table top game,Brennan Martin
Sun,10:00 AM,2:00,Thomas Paine AB,Gaming,NinjaBurger - table top game,William Mui
Sun,10:00 AM,3:00,Thomas Paine AB,Gaming,Munchkin Quest - table top game,Tony Cuozo
Sun,10:00 AM,1:00,William Dawes A,Literature,Creature and Character,"Katherine Crighton, James T Henderson Jr, Mary Catelli, David Sklar, Jennifer Williams"
Sun,10:00 AM,1:00,William Dawes B,Fan Interest,Sports for Geeks,"Jude Shabry, Mike Schneider, Ian Schleifer, Ian Cooper Rose"
Sun,10:30 AM,0:30,Room 201,Literature,Reading - Michael Toole,Michael Toole
Sun,11:00 AM,1:00,Crispus Attucks,Literature,Fantasy and Horror in Shakespeare,"Greer Gilman, Alicia ""Kestrell"" Verlager, David Nurenberg, Debra Doyle, Mark L Amidon"
Sun,11:00 AM,1:00,Fast Track 1,Fast Track,Make & Trade Artist Cards,"Dawn Albright, Matt Ryan"
Sun,11:00 AM,1:00,Molly Pitcher,Literature,"The Future's So Bright, I Gotta Wear Shades","Phoebe Wray, Israel Peskowitz, Allen Steele, Vikki Rose, Justine Graykin"
Sun,11:00 AM,1:00,Paul Revere A,Costuming,Costuming on the Cheap,"The Wombat, Carol Salemi, Nightwing Whitehead, Mike McPhail"
Sun,11:00 AM,1:00,Paul Revere B,Media,My Fandom's Not Dead Yet!,"James Zavaglia, Cynthia A Shettle, Melissa Honig, Victoria Janssen, Daniel Miller"
Sun,11:00 AM,1:00,President's A,Art,St*tch & B*tch #2,"Ann Catelli, Hillary Sherwood, Kythryne Aisling"
Sun,11:00 AM,1:30,President's CD,Costuming,Steampunk Elevenses,
Sun,11:00 AM,0:30,Room 201,Literature,Reading - Stephen R Wilk,Stephen R Wilk
Sun,11:00 AM,1:00,Room 204,Fan Interest,Bending for Beginners,Wil Howitt
Sun,11:00 AM,1:00,William Dawes A,Literature,Faeries of Color: Tales of the Fae beyond Europe,"Esther Friesner, Julia Starkey, Sarah Smith, Trisha Wooldridge, Nnedi Okorafor"
Sun,11:00 AM,1:00,William Dawes B,Literature,The Changing Face of Publishing,"Susan Hanniford Crowley, Felicitas Ivey, Danielle Ackley-McPhail, Cecilia Tan, John Bowker"
Sun,11:30 AM,1:00,Other,Fan Interest,Summit Mt. Arisia,Jude Shabry
Sun,11:30 AM,0:30,Room 201,Literature,Reading - Sonya Taaffe,Sonya Taaffe
%Sunday Afternoon,,,,,,
Sun,12:00 PM,0:30,BU Suite (Regency Club),Literature,Reading - Joy Marchand,Joy Marchand
Sun,12:00 PM,1:00,Crispus Attucks,Literature,Myth and Folklore in Fantasy,"Katherine Crighton, Ken Gale, dkap, Vikki Rose, Daniel Rabuzzi"
Sun,12:00 PM,1:00,Fast Track 1,Fast Track,Origami for Kids,Peter Maranci
Sun,12:00 PM,1:00,Fast Track 2,Fast Track,Pipe Cleaner Constructs,"Charlene Taylor D'Alessio, Benjamin Newman"
Sun,12:00 PM,1:00,Molly Pitcher,Fan Interest,Alternative Lifestyles and Fandom,"Michelle Wexelblat, Ed Fuqua, Shana Fuqua, Larry Nelson, Mistress Simone"
Sun,12:00 PM,1:00,Paul Revere A,GOH,The Mechanics of Anthology Construction,"Gardner Dozois, Cecilia Tan, Mark L Van Name, Jaime Garmendia, Michael Kabongo"
Sun,12:00 PM,1:00,Paul Revere B,Literature,SF/Fantasy in the Underworld,"Esther Friesner, Greer Gilman, Karl G Heinemann, David Sklar, Sonya Taaffe"
Sun,12:00 PM,6:00,President's B,Gaming,Realms LARP,"Dan Diamond, Karen Diamond, Jeremy Sullivan, Ben Long, Becky Baron"
Sun,12:00 PM,1:00,Room 201,Fan Interest,The Future of School,"Suford Lewis, David Nurenberg, William Ian Blanton, Michael Bonet, Trisha Wooldridge"
Sun,12:00 PM,1:00,Room 204,Art,Make Chain Mail,Liz Cademy Pfeffer
Sun,12:00 PM,2:00,Thomas Paine AB,Gaming,Fuzion: Traveller,
Sun,12:00 PM,4:00,Thomas Paine AB,Gaming,SRM 03-04: Monkey Wrench - table top game,Jonathan Riedel
Sun,12:00 PM,1:00,Thomas Paine AB,Gaming,Shenanigans! - table top game,Mitchell Morris
Sun,12:00 PM,1:00,William Dawes A,Art,The Art of Sarah Clemens,Sarah Clemens
Sun,12:00 PM,1:00,William Dawes B,Science,Bioethics in Today's World,"James T Henderson Jr, Amy Chused, John Hodges, Shava Nerad, Justine Graykin"
Sun,12:30 PM,0:30,BU Suite (Regency Club),Literature,Reading - Trish Wilson,Trish Wilson
Sun,1:00 PM,0:30,BU Suite (Regency Club),Literature,Reading - Catt Kingsgrave-Ernstein,Catt Kingsgrave-Ernstein
Sun,1:00 PM,1:00,Crispus Attucks,Music,Songs That Matter Sing-a-long,"Rachel Sommer, Benjamin Newman"
Sun,1:00 PM,1:00,Fast Track 1,Fast Track,"Hands-on Science, Take 2: CSI",Lisa J Steele
Sun,1:00 PM,1:00,Molly Pitcher,Science,Climate Science,"John Costello, Martha Adams, Ken Gale, James Turner, James B Van Bokkelen, Tom Wysmuller"
Sun,1:00 PM,1:00,Paul Revere A,Fan Interest,Convention Feedback 2,"Samantha Dings, Crystal Huff, Richard Kovalcik, Jill Eastlake, Benjamin Levy, Michael Sprague, Noel Rosenberg"
Sun,1:00 PM,1:00,Paul Revere B,Fan Interest,Poly 279: Poly Parenting,"Michelle Wexelblat, Katherine Crighton, Michael Whitehouse, Alan Wexelblat, Michelle Driscoll"
Sun,1:00 PM,1:30,President's A,Writing,Carl Brandon Awards,"Cecilia Tan, Candra Gill, Nnedi Okorafor, Andrea  Hairston"
Sun,1:00 PM,1:00,Room 201,Fan Interest,SMOF 310: Cons - Collective vs. Business,"JeffWarner, Robert Hafner, Hugh Casey, Dr. Jason S. Schneiderman"
Sun,1:00 PM,4:00,Thomas Paine AB,Gaming,Munchkin Brawl - table top game,Bill Todd
Sun,1:00 PM,1:00,William Dawes A,Literature,Evolution of the Female Protagonist & Antagonist,"Greer Gilman, Genevieve Iseult Eldredge, Phoebe Wray, Sonya Taaffe, Leah Cypess"
Sun,1:00 PM,1:00,William Dawes B,Costuming,Men's Costuming Challenges,"Martin Gear, Ken Kingsgrave-Ernstein, James Hinsey, Kevin Roche, Andy Trembley"
Sun,1:30 PM,0:30,BU Suite (Regency Club),Literature,Reading - Walter Hunt,Walter Hunt
Sun,2:00 PM,0:30,BU Suite (Regency Club),Literature,Reading - Jennifer Williams,Jennifer Williams
Sun,2:00 PM,1:00,Crispus Attucks,Media,Doctor Who: Who's Next?,"Misty Pendragon, Samantha Dings, Mario Di Giacomo, Toni Lay, Brenna Levitin"
Sun,2:00 PM,1:00,Fast Track 1,Fast Track,Laugh Like a Mad Scientist,"Don Sakers, Tom Murphy"
Sun,2:00 PM,1:00,Fast Track 2,Fast Track,Astronomical Drawings,Charlene Taylor D'Alessio
Sun,2:00 PM,1:00,Molly Pitcher,Media,Here Comes the Bride,"James Zavaglia, Stephen R Wilk, Frank Wu, Adam Lipkin, Sonya Taaffe"
Sun,2:00 PM,1:00,Paul Revere A,Fan Interest,I Can Go to Jail for THAT?!,"James A. Wolf, A Joseph Ross, Lisa J Steele, Aimee Bouchard"
Sun,2:00 PM,1:00,Paul Revere B,GOH,Want to Play a Theremin? ,Sarah Clemens
Sun,2:00 PM,1:00,President's CD,Media,Red Shift in The Upgrade Ultimatum,"Michael Simon, Jude Shabry, Brian Lee Rust, Michael McAfee, Gilly Rosenthol, Mare Freed, Chris DeKalb, Jay Sekora, Julia Suggs, Renee Johnson, Joye Thaller, Joshua Nicholson, Shelley MacAskill, Juliet Bowler, Melanie Arzt, Andy Hicks"
Sun,2:00 PM,1:00,Room 201,Art,Branching Out with Your Art,"Mimi Noyes, Scott Lefton, Loren Damewood, Kythryne Aisling, Matt Ryan, Brianna Spacekat Wu"
Sun,2:00 PM,3:00,Thomas Paine AB,Gaming,Terror Network - table top game,Brendan Davis
Sun,2:00 PM,2:00,Thomas Paine AB,Gaming,Steam: Rails to Riches - table top game,Clarence Risher
Sun,2:00 PM,1:00,William Dawes A,Fan Interest,The Twitter Effect,"Mark Waks, Stephanie Clarkson, Bill Levay, David Larochelle, Ken Kingsgrave-Ernstein"
Sun,2:00 PM,1:00,William Dawes B,Literature,Here Endeth the Lesson: Morality in SF/Fantasy,"Suford Lewis, Genevieve Iseult Eldredge, Phoebe Wray, John Hodges, Justine Graykin"
Sun,2:30 PM,0:30,BU Suite (Regency Club),Literature,Reading - Alexander Jablokov,Alexander Jablokov
Sun,3:00 PM,0:30,BU Suite (Regency Club),Literature,Reading - Katherine Crighton,Katherine Crighton
Sun,3:00 PM,1:00,Crispus Attucks,Fan Interest,Sexuality in SF/F,"Genevieve Iseult Eldredge, David Sklar, Trish Wilson, Trisha Wooldridge"
Sun,3:00 PM,1:00,Fast Track 1,Fast Track,Madlibs Live!,"Elayna Jade Smolowitz, Jennifer Hunter"
Sun,3:00 PM,1:00,Fast Track 2,Fast Track,What Would My Super Power Be? ,"Karl G Heinemann, Israel Peskowitz, Michael McAfee, Aimee Yermish, Everett Soares"
Sun,3:00 PM,1:00,Molly Pitcher,Fan Interest,Relationships 101 ,"Rebecca L Kletnieks, Karen Purcell DVM, Michelle Wexelblat, Rachel Sommer, Catherine Kane"
Sun,3:00 PM,1:00,Paul Revere A,GOH,Spintronics,Kevin Roche
Sun,3:00 PM,1:00,Paul Revere B,Art,Blindfold Sculpting,"Elaine Isaak, Lauren Grover"
Sun,3:00 PM,1:00,President's CD,Music,Concert --  Pirates and Lost Girls,"S. J. Tucker, Kevin Wiley, Betsy Tinney"
Sun,3:00 PM,1:00,Room 201,Costuming,Using Basic Electronics in Costumes,"Domingo Diaz, John Bacon, James Hinsey"
Sun,3:00 PM,1:00,William Dawes A,Media,Introduction to Kaiju,"Jonathan Woodward, James A. Wolf, Michael Toole, Michael A Horne, Frank Wu"
Sun,3:00 PM,1:00,William Dawes B,Media,Joss and the Real Girl,"Misty Pendragon, Cynthia A Shettle, David Nurenberg, Resa Nelson, Jill R. Singer"
Sun,3:30 PM,0:30,BU Suite (Regency Club),Literature,Reading - Felicitas Ivey,Felicitas Ivey
Sun,3:30 PM,1:30,President's A,Fan Interest,Medieval Combat: Hands-on lessons in Longsword,
Sun,4:00 PM,0:30,BU Suite (Regency Club),Literature,Reading - Margaret Ronald,Margaret Ronald
Sun,4:00 PM,1:00,Crispus Attucks,Music,A New Filk Hymnal?,"Ellen Kranzer, Gary McGath, A Joseph Ross, Benjamin Newman"
Sun,4:00 PM,1:00,Fast Track 1,Fast Track,Reading & Theremin Demo,Sarah Clemens
Sun,4:00 PM,2:00,Fast Track 2,Fast Track,Play with Clay,"Dawn Albright, Aimee Yermish"
Sun,4:00 PM,1:00,Molly Pitcher,Art,Dueling Easels,"Karen Purcell DVM, E. J. Barnes, Frank Wu, Matt Ryan"
Sun,4:00 PM,1:00,Paul Revere A,Media,Welcome to the Dollhouse,"Misty Pendragon, Howard G Beatman, Mark L Amidon, Brenna Levitin, Eric Zuckerman"
Sun,4:00 PM,1:00,Paul Revere B,Literature,Women and Sci-Fi,"Phoebe Wray, Anna R Bradley, Andrea Berman, Trisha Wooldridge"
Sun,4:00 PM,1:00,Room 201,Fan Interest,E-Books: Pros and Cons,"Meredith Schwartz, Christopher K. Davis, Amy Chused, Bey Woodward, Trish Wilson"
Sun,4:00 PM,1:00,Room 204,Costuming,Northern Lights Costumers' Guild meeting ,"Ann Catelli, Jill Eastlake, Jerome C Conner, Richard Fine"
Sun,4:00 PM,1:00,William Dawes A,Fan Interest,Age and Treachery: The Older Fan,"Martha Adams, JeffWarner, Starwolf, Justine Graykin, Catherine Kane"
Sun,4:00 PM,1:00,William Dawes B,Literature,"Analyzing Fairy Tales, Mythology, and Folklore","Stephen R Wilk, Katherine Crighton, Julia Starkey, Danielle Ackley-McPhail, Sonya Taaffe"
Sun,5:00 PM,1:00,Crispus Attucks,Music,Songwriting Workshop,"A Joseph Ross, Susan Weiner, Catherine Kane, S. J. Tucker, Betsy Tinney"
Sun,5:00 PM,1:00,Molly Pitcher,Fan Interest,Mad Scientist Laugh Contest,"Howard G Beatman, Mike Schneider, Ian Cooper Rose, Dr. James Prego"
Sun,5:00 PM,1:00,Paul Revere A,Fan Interest,Arisia Corporate Meeting,"Samantha Dings, Crystal Huff, Richard Kovalcik, Jill Eastlake, Benjamin Levy, Glenn MacWilliams, Nicholas ""phi"" Shectman"
Sun,5:00 PM,1:00,Paul Revere B,Fan Interest,Charisma is Not a Dump Stat!,"Jonathan Woodward, Elaine Isaak, Stephanie Clarkson, Lori Del Genis, Thomas Traina"
Sun,5:00 PM,2:00,President's CD,Fan Interest,Belly Dance Show,"Jennifer Pelland, Katrina Meyer"
Sun,5:00 PM,1:00,Room 201,Media,Film and Video Archives,"Scott Dorsey, Scott Norwood, Hugh Colston"
Sun,5:00 PM,1:00,Room 204,Art,Amigurumi for Adults,"Ann Catelli, Anna R Bradley, Jill R. Singer"
Sun,5:00 PM,1:00,William Dawes A,Fan Interest,Humor and Fandom,"Thomas F Restivo, Marlin May, Bill Levay, Eric Zuckerman, Hugh Casey"
Sun,5:00 PM,1:00,William Dawes B,Fan Interest,"The Nature of Gender: Past, Present and Future  ","Amy Chused, Sarah Sloane, Dr. Jason S. Schneiderman, Trisha Wooldridge, Mistress Simone"
%Sunday Evening,,,,,,
Sun,6:00 PM,1:00,Crispus Attucks,Anime,Surviving an Anime Con,"Israel Peskowitz, John C. Watson, Elizabeth O'Malley, Jamila Sisco, Dirk Tiede"
Sun,6:00 PM,0:40,Haym Solomon,Media,The Hunt for Gollum,
Sun,6:00 PM,1:45,Molly Pitcher,Media,Trailer Park ,
Sun,6:00 PM,1:00,Paul Revere A,Fan Interest, The Mind of the Nerd: Psychology and Fandom,"Michelle Wexelblat, John Costello, Eric M Van, Aimee Yermish, Dr. Jason S. Schneiderman"
Sun,6:00 PM,1:00,Paul Revere B,Literature,Kick-Ass Moms,"Suford Lewis, Genevieve Iseult Eldredge, Mary Catelli, Shira Lipkin, Leah Cypess"
Sun,6:00 PM,2:00,President's A,Media,Never After,
Sun,6:00 PM,1:00,Room 201,Anime,Gundam: A Historical Perspective,"Jonathan Woodward, Michael Toole, James Hinsey"
Sun,6:00 PM,4:00,Thomas Paine AB,Gaming,Eclipse Phase - Bump in the Night,Jack Graham
Sun,6:00 PM,1:00,William Dawes A,Literature,Disabilities in Science Fiction,"Bonnie Barlow Turner, Alicia ""Kestrell"" Verlager, Amy Chused, Cheryl Braverman"
Sun,6:40 PM,1:20,Haym Solomon,Media,Coming Attractions 2010,
Sun,7:00 PM,1:00,Crispus Attucks,Literature,The Timeless Story,"Terry Franklin, Karl G Heinemann, Peter Maranci, Eric M Van, Victoria Janssen"
Sun,7:00 PM,0:30,Fast Track 1,Fast Track,Learn to Fence,"Stuart Ferguson, Steven Hirsch"
Sun,7:00 PM,1:00,Paul Revere A,Music,Parody Writing,"Michael McAfee, Gary McGath, Catherine Kane"
Sun,7:00 PM,1:00,Paul Revere B,Fan Interest,Coming Out,"Bey Woodward, Larry Nelson, Sarah Sloane, Michelle Driscoll, Little Mel"
Sun,7:00 PM,1:00,Room 201,Costuming,Basic Costume Shapes ,"Ann Catelli, Susan de Guardiola, Toni Lay, Kristina Finan, Fiona Fawkes"
Sun,7:00 PM,1:00,William Dawes A,Literature,Stories that Changed Everything,"James A. Wolf, Mario Di Giacomo, Steve E Popkes, Mark L Amidon, Vikki Rose"
Sun,7:00 PM,3:00,William Dawes B,Anime,Light Anime,
Sun,8:00 PM,0:30,Fast Track 1,Fast Track,Learn to Use a Sword,"Stuart Ferguson, Steven Hirsch"
Sun,8:00 PM,3:00,Haym Solomon,Media,This Week on Brit TV,
Sun,8:00 PM,0:06,Molly Pitcher,Media,EPM       ,
Sun,8:00 PM,1:00,Paul Revere A,Fan Interest,The MADdest Panel,"A Joseph Ross, Mercy E Van Vlack, Daniel Miller, Little Mel"
Sun,8:00 PM,1:00,Paul Revere B,Fan Interest,Online Civility,"Christopher K. Davis, Mark Waks, John C. Watson, Bill Levay, Trish Wilson"
Sun,8:00 PM,3:00,President's CD,Costuming,Malice in Wonderland Dance,
Sun,8:00 PM,0:30,Room 201,Literature,Reading - Leah Cypess,Leah Cypess
Sun,8:00 PM,3:00,Room 204,Gaming,Space Murder - LARP,Kristen Rose
Sun,8:00 PM,4:00,Thomas Paine AB,Gaming,Collateral Damage - table top game,Bill Todd
Sun,8:00 PM,1:00,William Dawes A,Fan Interest,The Modern Pagan,"Dawn Albright, Lisa Wood, Jaime Garmendia, Starwolf, Mistress Simone"
Sun,8:10 PM,2:07,Molly Pitcher,Media,Stardust  ,
Sun,9:00 PM,1:00,Crispus Attucks,Music,Fairy Songs,"Catt Kingsgrave-Ernstein, Benjamin Newman, S. J. Tucker, Betsy Tinney"
Sun,9:00 PM,1:00,Paul Revere A,Fan Interest,Your Kink is OK!,"Mike Schneider, Aimee Bouchard, Darkteddybear, Calliope, Mistress Simone"
Sun,9:00 PM,1:00,President's A,Literature,Hallucinating Shakespeare,Michael Anderson
Sun,9:00 PM,0:30,Room 201,Literature,Reading - Everett Soares,Everett Soares
Sun,9:00 PM,1:00,William Dawes A,Fan Interest,I Buy Online,"Michael Whitehouse, David Larochelle, Robert Hafner"
Sun,9:30 PM,0:30,Room 201,Literature,Reading - David Sklar,David Sklar
Sun,10:00 PM,1:00,Crispus Attucks,Music,"Pick, Pass, Play Open Filk Part 1",Kate Farb-Johnson
Sun,10:00 PM,1:00,Paul Revere A,Fan Interest,Scening and Catharsis,"Ed Fuqua, Aimee Bouchard, Michelle Driscoll, Darkteddybear, Calliope"
Sun,10:00 PM,1:00,Paul Revere B,Fan Interest,Web of Destruction,"Gordon Linzner, James A. Wolf, Martha Adams, Stephanie Clarkson"
Sun,10:00 PM,0:30,Room 201,Literature,Reading - Ethan Gilsdorf,Ethan Gilsdorf
Sun,10:00 PM,1:00,William Dawes A,Fan Interest,Subculture Mashups,"Marlin May, dkap, Dr. James Prego, Everett Soares, Sarah Goodman"
Sun,10:00 PM,4:00,William Dawes B,Anime,Hentai and Yaoi Anime,
Sun,10:15 PM,0:07,Molly Pitcher,Media,The Dreaded Beard,
Sun,10:25 PM,1:28,Molly Pitcher,Media,Zombieland,
Sun,11:00 PM,1:00,Crispus Attucks,Music,"Pick, Pass, Play Open Filk Part 2",Ellen Kranzer
Sun,11:00 PM,1:35,Haym Solomon,Media,Franklyn  ,
Sun,11:00 PM,2:00,President's A,Media,Rock Band on the Big Screen,
%Sunday Late Night,,,,,,
Mon,12:00 AM,1:00,Crispus Attucks,Music,"Pick, Pass, Play Open Filk Part 3",Ellen Kranzer
Mon,12:00 AM,1:18,Molly Pitcher,Media,Fritz the Cat (Rated X),
Mon,12:00 AM,1:00,President's CD,Media,Dr. Horrible's Sing-Along Blog,
Mon,12:00 AM,16:00,Thomas Paine AB,Gaming,Open Gaming,
Mon,12:35 AM,1:00,Haym Solomon,Media,Journey to Saturn,
Mon,1:00 AM,1:00,President's CD,Media,Buffy the Vampire Slayer R-rated Sing-Along,
Mon,2:00 AM,1:35,Haym Solomon,Media,Psycho Beach Party,
Mon,2:00 AM,4:00,William Dawes B,Anime,Heavy Anime,
Mon,3:35 AM,2:00,Haym Solomon,Media,Cyborg Girl,
Mon,5:35 AM,1:25,Haym Solomon,Media,Alien Trespass,
%Monday Morning,,,,,,
Mon,7:00 AM,1:40,Haym Solomon,Media,Missing Lynx,
Mon,9:00 AM,2:00,Molly Pitcher,Media,Audience Choice Film,
Mon,10:00 AM,1:00,Crispus Attucks,Fan Interest,Circus Kaffeeklatsch,"Jacob Lefton, Lindsay Barbieri, Corvus Woolf, Victoria Quine, Tara Jacob, Molly  McCloud"
Mon,10:00 AM,2:00,Fast Track 1,Fast Track,Card Games for the 7-12 Set,"Walter Hunt, Christopher Weuve"
Mon,10:00 AM,1:00,Fast Track 2,Fast Track,Build It with Legos,James Hinsey
Mon,10:00 AM,1:00,Paul Revere A,Literature,Beyond Binary: Exploring Gender Via SF/Fantasy,"Paula Lieberman, Trisha Wooldridge, Sarah Goodman"
Mon,10:00 AM,1:00,Paul Revere B,Literature,Stereotype & Religion in Literature,"Shariann Lewitt, Dawn Albright, Bonnie Barlow Turner, Steve Kanaras, Mike McPhail"
Mon,10:00 AM,2:00,President's A,Fan Interest,Walk the Labyrinth,Jude Shabry
Mon,10:00 AM,1:00,Thomas Paine AB,Gaming,Pandemic - table top game,David K. Storrs
Mon,10:00 AM,4:00,Thomas Paine AB,Gaming,D&D ARMIES - tourney,
Mon,10:00 AM,1:00,William Dawes A,Fan Interest,Intellectual Property Rights,"Meredith Schwartz, Alan Wexelblat, E. J. Barnes, Thomas Traina, Daniel Miller"
Mon,11:00 AM,1:00,Haym Solomon,Literature,Connection and Collaboration,"Sarah Smith, Shira Lipkin, Justine Graykin, S. J. Tucker"
Mon,11:00 AM,1:00,Paul Revere A,Media,Who Watched The Watchmen?,"Jonathan Woodward, Karl G Heinemann, Mark Waks, Resa Nelson, Ed Fuqua"
Mon,11:00 AM,1:00,Paul Revere B,Literature,Subverting the Canon,"Cynthia A Shettle, Marlin May, Vonnie Carts-Powell, Evan Jamieson"
Mon,11:00 AM,1:00,William Dawes B,Fan Interest,Where's the Podcast At?,"Calliope, Mitchell Morris, Michael Bonet, Randee Dawn"
%Monday Afternoon,,,,,,
Mon,12:00 PM,1:00,Fast Track 1,Fast Track,Amazing Watercolors,"Dawn Albright, Elayna Jade Smolowitz"
Mon,12:00 PM,1:00,Fast Track 2,Fast Track,Rock-Paper-Scissors Contest,
Mon,12:00 PM,1:00,Haym Solomon,Literature,"Old Worlds, New Writers","Vonnie Carts-Powell, Tyler Stewart, Paula Lieberman, Adam Lipkin"
Mon,12:00 PM,1:00,Paul Revere A,Literature,Primary Sources,"Stephen R Wilk, Terry Franklin, Mario Di Giacomo, Mark L Amidon"
Mon,12:00 PM,1:00,Paul Revere B,Fan Interest,Poly 350: Polyamory and the Media,"Alan Wexelblat, Bey Woodward, Mike Schneider, Aimee Bouchard"
Mon,12:00 PM,1:00,Room 201,Science,The International Year of Astronomy in Review,"Frank Wu, Steven Hammond,  Ctein"
Mon,12:00 PM,4:00,Thomas Paine AB,Gaming,Collateral Damage - table top game,Bill Todd
Mon,12:00 PM,1:00,William Dawes A,Music,Fannish Music: An Overview,"Marlin May, Stephanie Clarkson, James Hinsey, Benjamin Newman"
Mon,12:00 PM,1:00,William Dawes B,Media,The Invasion Will Be Televised,"Don Sakers, James A. Wolf, Dr. James Prego"
Mon,1:00 PM,1:00,Fast Track 1,Fast Track,How to Draw a Dragon,Frank Wu
Mon,1:00 PM,1:00,Haym Solomon,Media,The State of SyFy (nee Sci-Fi Channel),"James Zavaglia, Cynthia A Shettle, David Sklar"
Mon,1:00 PM,1:00,Paul Revere A,Fan Interest,Convention Feedback 3,"Samantha Dings, Crystal Huff, Richard Kovalcik, Jill Eastlake, Benjamin Levy, Michael Sprague, Noel Rosenberg"
Mon,1:00 PM,1:00,Paul Revere B,Media,The Casting Couch,"James A. Wolf, Lauren Grover"
Mon,1:00 PM,1:00,William Dawes A,Fan Interest,"Metaphors, Memes, and the Mainstreaming of SF","Howard G Beatman, Eric M Van, Sarah Goodman, Ethan Gilsdorf"
Mon,1:00 PM,1:00,William Dawes B,Costuming,You Might Be A Costumer IF...,"Ann Catelli, Kristina Finan, Nightwing Whitehead, Catt Kingsgrave-Ernstein"
Mon,2:00 PM,1:00,Crispus Attucks,Music,Kipling Songs,"Jeff Keller, Sonya Taaffe"
Mon,2:00 PM,2:00,Fast Track 1,Fast Track,Playground Games,Elayna Jade Smolowitz
Mon,2:00 PM,1:00,Haym Solomon,Media,It's a Disaster!,"Terry Franklin, Ken Gale, Jennifer Williams, Tom Wysmuller, Catherine Kane"
Mon,2:00 PM,1:00,Paul Revere A,Fan Interest,The Ephemeral City,"dkap, Starwolf, Kevin Wiley"
Mon,2:00 PM,1:00,Paul Revere B,Media,Stargate: Universe,"James Zavaglia, Robert Hafner, Dr. James Prego"
Mon,2:00 PM,1:00,William Dawes A,Fan Interest,Nerdus Americanus: The American Nerd ,"Israel Peskowitz, David Larochelle, Eric Zuckerman, Ethan Gilsdorf"
Mon,2:00 PM,1:00,William Dawes B,Literature,The Art of Comics,"Alex Newman, Mercy E Van Vlack, Dirk Tiede, Matt Ryan, Steve Kanaras"
Mon,3:00 PM,2:00,Crispus Attucks,Music,Dead Dog Open Filk,Kate Farb-Johnson
Mon,3:00 PM,1:00,Paul Revere A,Media,40 Years of Sesame Street,"Stephanie Clarkson, Daniel Miller, Dr. Jason S. Schneiderman"
Mon,3:00 PM,1:00,Paul Revere B,Fan Interest,"Ethics, Business, and the Future","Michael Whitehouse, Mark L Van Name, Stephen R Balzac, James B Van Bokkelen"
Mon,3:00 PM,1:00,William Dawes A,Literature,SF Resurgence in Comics,"Marlin May, Mark Waks, Jaime Garmendia, Steve Kanaras"
